feature,importance
calorie_expenditure,69885.6
bmi,66543.8
water_intake,66073.8
step_count,65313.8
heart_rate,62756.600000000006
exercise_duration,62623.8
sleep_duration,58214.0
diet_type,13186.199999999999
sleep_quality,13181.599999999999
smoking_alcohol,13163.599999999999
gender,12509.599999999999
f_n_missing,7699.0
stress_level,7377.2
physical_activity_level,6567.400000000001
f_rule_fit,5219.599999999999
f_stress_low,4848.8
f_rule_unhealthy,4099.4
f_rule_pred,3884.3999999999996
f_act_active,3717.8
f_stress_high,3645.4
f_sleep_ge7,739.9999999999999
f_sleep_lt6,639.5999999999999
f_miss_stress,504.2
f_miss_act,278.20000000000005
f_miss_sleep,81.39999999999999
