day,decisions,opening_cash,last_decision_cash,max_existing_shortfall,shortfall_frames,mean_existing_reserved,permit_quote_count,build_only_quote_count,frames_without_new_cash_license,mean_new_cash_reserved,mean_remaining_cash,actual_investment_cash,actual_animals_bought,actual_seeds_bought,actual_plants,actual_builds,actual_land_bought,last_decision_crops,last_decision_placed_animals,last_decision_in_transit,last_decision_lands,max_hands,market_full_frames
0,24,3000.0,857.0,0.0,0,187.875,132,0,14,207.70833333333334,553.0,2000,0,25,25,0,0,25,0,0,1,10,1
1,24,857.0,857.0,0.0,0,304.0,0,0,24,0,553.0,0,0,0,0,0,0,25,0,0,1,0,0
2,24,857.0,845.0,0.0,0,292.5,0,0,24,0,553.0,0,0,0,0,0,0,25,0,0,1,5,0
3,24,845.0,845.0,0.0,0,292.0,0,0,24,0,553.0,0,0,0,0,0,0,25,0,0,1,0,0
4,24,845.0,833.0,0.0,0,280.5,0,0,24,0,553.0,0,0,0,0,0,0,25,0,0,1,5,0
5,24,833.0,833.0,0.0,0,280.0,0,0,24,0,553.0,0,0,0,0,0,0,25,0,0,1,0,0
6,24,833.0,821.0,0.0,0,268.5,0,0,24,0,553.0,0,0,0,0,0,0,25,0,0,1,5,0
7,24,821.0,809.0,0.0,0,256.5,0,0,24,0,553.0,0,0,0,0,0,0,25,0,0,1,5,0
8,24,809.0,797.0,0.0,0,244.5,0,0,24,0,553.0,0,0,0,0,0,0,25,0,0,1,5,0
9,24,797.0,785.0,0.0,0,232.5,0,0,24,0,553.0,0,0,0,0,0,0,25,0,0,1,5,0
10,24,785.0,5299.0,0.0,0,23.625,37,0,15,56.041666666666664,1195.2916666666667,1280,0,17,15,0,0,15,0,0,1,12,1
11,24,5299.0,18416.0,0.0,0,1830.4166666666667,122,4,4,865.0416666666666,18223.458333333332,6540.0,2,29,28,2,2,43,2,0,3,12,0
12,24,18416.0,17835.0,0.0,0,3457.3333333333335,170,0,10,142.04166666666666,14328.625,370,0,23,16,0,0,59,2,0,3,10,1
13,24,17835.0,17732.0,0.0,0,3496.2916666666665,0,0,24,0,14268.791666666666,0,0,0,0,0,0,59,2,0,3,7,0
14,24,17732.0,17648.0,0.0,0,3356.4583333333335,28,0,6,38.708333333333336,14319.791666666666,160,0,4,6,0,0,63,2,0,3,8,0
15,24,17648.0,17566.0,0.0,0,3211.6666666666665,17,0,19,14.208333333333334,14361.0,40,0,2,5,0,0,56,2,0,3,12,1
16,24,17566.0,19249.0,0.0,0,3202.625,20,0,7,31.0,15960.708333333334,120,0,2,1,0,0,53,2,0,3,7,0
17,24,19249.0,18873.0,0.0,0,2752.25,8,0,16,18.333333333333332,16127.791666666666,0,0,0,1,0,0,53,2,0,3,12,1
18,24,18873.0,18840.0,0.0,0,2527.5416666666665,7,0,17,9.375,16245.416666666666,100,0,1,1,0,0,46,2,0,3,10,1
19,24,18840.0,21174.0,0.0,0,1990.6666666666667,0,0,24,0,17504.0,0,0,0,0,0,0,45,2,0,3,11,1
20,24,21174.0,22730.0,0.0,0,1630.375,8,0,24,0.0,20964.0,0,0,0,1,0,0,34,2,0,3,12,1
21,24,23563.0,27634.0,0.0,0,1254.375,0,0,24,0,26034.416666666668,0,0,0,0,0,0,33,2,0,3,12,1
22,24,27634.0,37461.0,0.0,0,1197.375,0,0,24,0,35854.166666666664,0,0,0,0,0,0,32,2,0,3,7,1
23,24,37461.0,38597.0,0.0,0,845.375,0,0,24,0,37171.0,0,0,0,0,0,0,32,2,0,3,12,1
24,24,38597.0,48593.0,0.0,0,788.375,0,0,24,0,47235.875,0,0,0,0,0,0,31,2,0,3,7,0
25,24,48593.0,49345.0,0.0,0,436.375,0,0,24,0,48840.0,0,0,0,0,0,0,31,2,0,3,12,1
26,24,49345.0,59683.0,0.0,0,393.7916666666667,251,0,4,76.08333333333333,58357.958333333336,400,0,20,17,0,0,48,2,0,3,12,1
27,24,59683.0,60932.0,0.0,0,172.625,23,0,19,26.75,60653.416666666664,100,0,5,9,0,0,56,2,0,3,12,1
28,24,60932.0,72449.0,0.0,0,232.29166666666666,0,0,24,0,71754.08333333333,0,0,0,0,0,0,29,2,0,3,4,0
29,23,72449.0,80473.0,0.0,0,20.217391304347824,0,0,23,0,74821.26086956522,0,0,0,0,0,0,3,2,0,3,12,1
