feature,gain_mean,gain_std,split_mean
te_inc_env,1531011.4787741185,23440.833952560235,2153.2
Subsidy_Available,931057.3271149158,7953.999487398094,320.2
Environmental_Concern_Level,755435.2228659869,20692.72742078043,1211.6
te_inc_subsidy,447614.8412116766,10829.018811806953,1773.4
te_inc_bin100,124036.18440535068,3438.906462890455,2373.4
Range_Anxiety_Level,95351.07011370659,1368.4400301872274,645.0
te_inc,72919.99964160919,2294.897019579549,1894.8
te_commute,35765.94518532753,1384.3213720156564,2037.2
inc_freq,30664.986190986634,2030.090722378925,1905.4
Annual_Income_USD,29985.947223734856,1702.746448416629,1843.6
te_age,26606.80640952587,1535.25244865783,1798.0
Daily_Commute_km,12139.708289575578,1043.6289704004623,1426.0
Charging_Stations_Near_Home,7329.770587134361,384.48819747889536,854.2
Charging_Stations_Near_Work,6904.160474014282,802.8945470960797,896.8
Age,6885.782068443298,1006.0793817326772,940.4
Home_Charging_Possible,5043.190224552154,456.18290378247224,212.8
Number_of_Cars_Owned,2011.305658340454,197.67023314729656,279.6
City_Type,1569.9709251880645,156.61295518475015,204.8
Current_Car_Type,1335.1884469985962,116.13757151602981,169.0
Gender,988.6798538923264,144.6562909739454,142.6
