feature,gain_mean,gain_std
exact_logit_daily_screen_time_hours,3375383.8852048395,6120.9621316863895
exact_logit_weekend_screen_time,1053198.298014593,11060.974429930193
social_media_hours,924470.1775043488,8024.198373486927
exact_logit_notifications_per_day,606787.8445877552,6645.60033848198
exact_logit_app_opens_per_day,510647.2440115929,1932.6999501280695
daily_screen_time_hours,400669.30297074316,4828.893336665114
exact_logit_social_media_hours,278464.1779915333,16858.595465122406
parent_logit_daily_screen_time_hours,259607.20918853284,1731.0263295860725
parent_logit_social_media_hours,176034.7262606144,7357.832540085475
work_study_hours,127203.70926787853,3701.964573359001
gaming_hours,122301.57195129394,3756.055322840622
other_screen_available,113035.99900023938,4744.530488221273
parent_logit_weekend_screen_time,102008.50017490386,3114.9177798135593
weekend_screen_time,77386.39402794838,4912.10752245484
parent_logit_notifications_per_day,64342.21340048313,4958.073484839789
exact_logit_sleep_hours,63210.20680115223,3270.6555679857224
component_sum_available,52317.20411748886,2836.729264028291
parent_logit_app_opens_per_day,51231.206267380716,4943.92831708474
notifications_per_day,39252.1861805439,4409.113520353296
app_opens_per_day,38272.03130896091,3041.4585369781967
sleep_hours,36554.99708297253,4542.7224192948825
exact_logit_work_study_hours,35403.2180832386,3140.441357720047
log_count_social_media_hours,34538.36224975586,2361.557480795024
exact_logit_age,33904.52608916759,2028.0142991200394
log_count_notifications_per_day,32919.50011179447,3123.8857728028
exact_logit_gaming_hours,30789.046383833884,2447.472017904209
log_count_work_study_hours,29875.34830801487,3536.7252616120895
parent_logit_work_study_hours,29815.076177334784,3205.6975782549966
log_count_app_opens_per_day,27056.308395695687,2989.4232685093502
log_count_weekend_screen_time,25482.816947197913,2846.20671107655
parent_logit_gaming_hours,24877.212120842934,2129.241059588167
log_count_sleep_hours,24753.83684527874,3583.388425413304
parent_logit_sleep_hours,24152.356241464615,3590.2875638386986
log_count_daily_screen_time_hours,24048.65822827816,3154.3902735406427
log_count_gaming_hours,22109.007182645797,2422.0279614407636
log_count_age,17527.037628507613,2712.804013339865
n_components_observed,16117.859568929673,462.0194375118161
age,14607.339565205573,2196.1338578546142
exact_logit_stress_level,9705.205526876449,1782.7752660280084
log_count_stress_level,9102.461087822914,1528.2908398958882
exact_logit_gender,8604.159642338753,1537.681666970143
log_count_gender,8004.601739621163,1194.2469958399925
exact_logit_academic_work_impact,7163.620047092438,1271.6904803022583
parent_logit_age,7160.081697583199,1381.5596997015748
log_count_academic_work_impact,6065.550222468376,1385.4323239801204
gender_Female,956.3551180839538,197.9561965852158
stress_level_Low,822.8081861972809,244.75366438826924
stress_level_High,619.7610603809356,233.1753380669003
academic_work_impact_No,513.3219029664994,113.91884243270101
parent_logit_gender,491.94016804695127,114.16896810670286
gender_Other,386.1663903713226,60.04903152503573
stress_level_Medium,373.9146836280823,60.812722076296026
academic_work_impact_Yes,341.3518847465515,81.29317855964901
stress_level_nan,304.38653202056884,62.37195289418227
gender_Male,290.52725582122804,89.85395974051073
academic_work_impact_nan,192.58761849403382,76.38541636160782
gender_nan,152.40761218070983,54.76425583505675
parent_logit_stress_level,57.73482637405395,42.20719690965422
parent_logit_academic_work_impact,2.445528030395508,5.468366916845527
