feature,coefficient_mean,coefficient_std
exact_logit_daily_screen_time_hours,2.911491822809425,0.02503519104478615
exact_logit_weekend_screen_time,2.677477154054729,0.019670331465960755
raw_social_media_hours,1.9925112231073467,0.053412063418539726
raw_daily_screen_time_hours,-1.2858599798014616,0.01149462870760729
exact_logit_social_media_hours,1.015075284621462,0.03274860135719079
signed_sqrt_social_media_hours,-0.8858314998607743,0.0048288397981309395
exact_logit_notifications_per_day,0.8452690818722074,0.006538485637376895
exact_logit_app_opens_per_day,0.7927182605493733,0.0057259437029874285
raw_other_screen_available,0.588551505426594,0.018274406340121632
log_count_social_media_hours,-0.5648781343035115,0.0059724415313384465
raw_n_components_observed,-0.4293216618647958,0.05141036288913544
signed_sqrt_gaming_hours,-0.3953510595005168,0.0069286387680487825
parent_logit_age,0.35505611064926346,0.15154624918493842
signed_sqrt_weekend_screen_time,-0.3517580881487776,0.017239317683688842
raw_gaming_hours,0.316474834599665,0.02890716129370223
signed_sqrt_app_opens_per_day,-0.31130690299239555,0.00946656599164345
log_count_gaming_hours,-0.29671138973999267,0.009560367723742738
signed_sqrt_work_study_hours,-0.2848452717824355,0.009601143715972938
raw_app_opens_per_day,0.26985348189223646,0.010032229044846587
parent_logit_weekend_screen_time,-0.25984628051006,0.030913576789919277
signed_sqrt_other_screen_available,-0.2589520536732051,0.014665606530269213
log_count_work_study_hours,-0.2378308700323443,0.003606755921393171
exact_logit_sleep_hours,0.21964045619897413,0.0030711657645225076
parent_logit_social_media_hours,-0.21327654135263616,0.012297335716377615
exact_logit_work_study_hours,0.20047455924294902,0.0074090229251836835
exact_logit_age,-0.19926629823992492,0.15109103386195094
log_count_daily_screen_time_hours,0.18871725240155576,0.004922676227833206
raw_work_study_hours,0.16258328873095146,0.04004863901003608
signed_sqrt_daily_screen_time_hours,0.15487596326335723,0.011493668459087194
parent_logit_daily_screen_time_hours,-0.15073102673384914,0.026757595627305265
raw_weekend_screen_time,-0.1462088112128091,0.008642116363000793
parent_logit_gaming_hours,-0.13575536297097818,0.010004155556326022
exact_logit_gaming_hours,0.13208874560662728,0.006450464447439647
raw_component_sum_available,0.12194302026210586,0.08731890562564967
signed_sqrt_component_sum_available,-0.11127991636710996,0.005106058283997079
signed_sqrt_n_components_observed,0.08687650911195376,0.011921375349736802
parent_logit_work_study_hours,-0.06898827377586333,0.01335090386436737
raw_sleep_hours,-0.05566157441821688,0.008506117391263755
signed_sqrt_sleep_hours,0.05474986282593479,0.006530990847605404
parent_logit_notifications_per_day,0.05090198181302469,0.005526746336146869
signed_sqrt_age,-0.04785941360577488,0.010549324571317069
log_count_weekend_screen_time,0.03783839320432643,0.004582833370341475
exact_logit_gender,0.02814694411251368,0.002070037903802653
raw_age,0.025209890788749773,0.00970959400752099
exact_logit_stress_level,-0.022808780445076105,0.0040917117970307925
log_count_age,-0.014306381070249358,0.0040353156500546605
log_count_notifications_per_day,-0.014061968107872275,0.003083561006960412
parent_logit_sleep_hours,0.010812933773013383,0.0037891177072579786
signed_sqrt_notifications_per_day,-0.01004737929767146,0.01003368002202508
log_count_app_opens_per_day,-0.0072176482589945455,0.0014416495561528492
log_count_sleep_hours,-0.004325072912004553,0.0021986218618104663
raw_notifications_per_day,-0.003618821627278242,0.010282743848140973
parent_logit_app_opens_per_day,0.0035433703711572465,0.005307692578152279
exact_logit_academic_work_impact,-0.002525353221835736,0.00378155954535746
log_count_academic_work_impact,0.0015771121558750371,0.002862967111135825
log_count_stress_level,0.0013630278931217074,0.0028038904773992094
log_count_gender,-0.00039575955124765676,0.0011717869374616176
parent_logit_stress_level,0.00019959600582496743,0.0011483781113280065
parent_logit_academic_work_impact,0.00019959600582496743,0.0011483781113280065
parent_logit_gender,0.00019959600582496743,0.0011483781113280065
