method,gate,selected,coverage,queue_exact,queue_false_positive,queue_precision,queue_wilson95_lower,multiset_precision,sell_qty_precision,exec_cap_precision
A,base,12611,0.928576688020028,11909,702,0.9443343113155181,0.9401957588613151,0.9471889620172865,0.9471889620172865,0.9193561176750455
A,flow_history,11960,0.8806420734850159,11435,525,0.9561036789297659,0.9522833517146932,0.9568561872909699,0.9568561872909699,0.9382943143812709
A,history_consensus,11435,0.8419851262793608,11435,0,1.0,0.9996641741355956,1.0,1.0,0.965107127240927
A,own_shadow,11001,0.8100287165893528,10596,405,0.9631851649850014,0.9595015516063938,0.9631851649850014,0.9631851649850014,0.9490046359421871
A,mirror_now,7014,0.5164568146675502,6730,284,0.9595095523239235,0.9546396158200938,0.9595095523239235,0.9595095523239235,0.9475335044197319
A,history_exact,7014,0.5164568146675502,6730,284,0.9595095523239235,0.9546396158200938,0.9595095523239235,0.9595095523239235,0.9475335044197319
A,abc_consensus,6730,0.4955452470363007,6730,0,1.0,0.9994295293638576,1.0,1.0,0.975334323922734
A,streak_1,6730,0.4955452470363007,6730,0,1.0,0.9994295293638576,1.0,1.0,0.975334323922734
A,streak_4,6582,0.4846476695383256,6582,0,1.0,0.9994167094903949,1.0,1.0,0.9802491643877241
A,streak_12,6166,0.45401664089536853,6166,0,1.0,0.9993773812752997,1.0,1.0,0.9886474213428479
A,streak_24,5598,0.41219350563286944,5598,0,1.0,0.9993142507068555,1.0,1.0,1.0
A,streak_48,4484,0.3301671452764892,4484,0,1.0,0.9991440297399223,1.0,1.0,1.0
A,streak_96,3476,0.2559458066416317,3476,0,1.0,0.9988960822307129,1.0,1.0,1.0
B,base,12583,0.9265149841690598,12583,0,1.0,0.999694803590459,1.0,1.0,1.0
B,flow_history,12583,0.9265149841690598,12583,0,1.0,0.999694803590459,1.0,1.0,1.0
B,history_consensus,11909,0.876886827185038,11909,0,1.0,0.9996775363095386,1.0,1.0,1.0
B,own_shadow,10688,0.7869818128267433,10688,0,1.0,0.9996407112062512,1.0,1.0,1.0
B,mirror_now,6740,0.49628156984021793,6740,0,1.0,0.9994303752773326,1.0,1.0,1.0
B,history_exact,6740,0.49628156984021793,6740,0,1.0,0.9994303752773326,1.0,1.0,1.0
B,abc_consensus,6740,0.49628156984021793,6740,0,1.0,0.9994303752773326,1.0,1.0,1.0
B,streak_1,6740,0.49628156984021793,6740,0,1.0,0.9994303752773326,1.0,1.0,1.0
B,streak_4,6634,0.48847654811869523,6634,0,1.0,0.9994212789135557,1.0,1.0,1.0
B,streak_12,6056,0.4459170900522789,6056,0,1.0,0.9993660793195995,1.0,1.0,1.0
B,streak_24,5610,0.4130770929975701,5610,0,1.0,0.9993157165465264,1.0,1.0,1.0
B,streak_48,4478,0.32972535159413885,4478,0,1.0,0.9991428838221991,1.0,1.0,1.0
B,streak_96,3098,0.22811280465356013,3098,0,1.0,0.9987615553948542,1.0,1.0,1.0
C,base,12583,0.9265149841690598,12583,0,1.0,0.999694803590459,1.0,1.0,1.0
C,flow_history,12583,0.9265149841690598,12583,0,1.0,0.999694803590459,1.0,1.0,1.0
C,history_consensus,11909,0.876886827185038,11909,0,1.0,0.9996775363095386,1.0,1.0,1.0
C,own_shadow,10688,0.7869818128267433,10688,0,1.0,0.9996407112062512,1.0,1.0,1.0
C,mirror_now,6740,0.49628156984021793,6740,0,1.0,0.9994303752773326,1.0,1.0,1.0
C,history_exact,6740,0.49628156984021793,6740,0,1.0,0.9994303752773326,1.0,1.0,1.0
C,abc_consensus,6740,0.49628156984021793,6740,0,1.0,0.9994303752773326,1.0,1.0,1.0
C,streak_1,6740,0.49628156984021793,6740,0,1.0,0.9994303752773326,1.0,1.0,1.0
C,streak_4,6634,0.48847654811869523,6634,0,1.0,0.9994212789135557,1.0,1.0,1.0
C,streak_12,6056,0.4459170900522789,6056,0,1.0,0.9993660793195995,1.0,1.0,1.0
C,streak_24,5610,0.4130770929975701,5610,0,1.0,0.9993157165465264,1.0,1.0,1.0
C,streak_48,4478,0.32972535159413885,4478,0,1.0,0.9991428838221991,1.0,1.0,1.0
C,streak_96,3098,0.22811280465356013,3098,0,1.0,0.9987615553948542,1.0,1.0,1.0
