method,dimension,segment,opportunities,queue_exact_rate,shed_exact_rate,exec_cap_exact_rate
A,by_panel,confirm100_v13c_parent_oracle,9936,0.9284420289855072,0.6662640901771336,0.8696658615136876
A,by_panel,screen36_a2_parent_oracle,3645,0.9717421124828532,0.8565157750342935,0.9355281207133059
A,by_date,2026-08-18,4618,0.9430489389346037,0.7394976180164573,0.897141619748809
A,by_date,2026-08-19,4552,0.9382688927943761,0.6849736379613357,0.8695079086115993
A,by_date,2026-08-20,4411,0.9387893901609612,0.727499433235094,0.8954885513489005
A,by_seat,0,6803,0.9354696457445245,0.7152726738203734,0.8941643392620903
A,by_seat,1,6778,0.9446739451165536,0.7193862496311596,0.8804957214517557
A,by_branch,baseline_v5/baseline_v5,1870,1.0,0.9989304812834224,0.9989304812834224
A,by_branch,baseline_v5/baseline_v8,1057,0.8429517502365185,0.08987701040681173,0.5070955534531694
A,by_branch,baseline_v8/baseline_v5,1083,0.7867036011080333,0.07940904893813482,0.5974145891043398
A,by_branch,baseline_v8/baseline_v8,9571,0.9564308849649984,0.8037822589071153,0.9403406122662209
B,by_panel,confirm100_v13c_parent_oracle,9936,1.0,1.0,1.0
B,by_panel,screen36_a2_parent_oracle,3645,1.0,1.0,1.0
B,by_date,2026-08-18,4618,1.0,1.0,1.0
B,by_date,2026-08-19,4552,1.0,1.0,1.0
B,by_date,2026-08-20,4411,1.0,1.0,1.0
B,by_seat,0,6803,1.0,1.0,1.0
B,by_seat,1,6778,1.0,1.0,1.0
B,by_branch,baseline_v5/baseline_v5,1870,1.0,1.0,1.0
B,by_branch,baseline_v5/baseline_v8,1057,1.0,1.0,1.0
B,by_branch,baseline_v8/baseline_v5,1083,1.0,1.0,1.0
B,by_branch,baseline_v8/baseline_v8,9571,1.0,1.0,1.0
C,by_panel,confirm100_v13c_parent_oracle,9936,1.0,1.0,1.0
C,by_panel,screen36_a2_parent_oracle,3645,1.0,1.0,1.0
C,by_date,2026-08-18,4618,1.0,1.0,1.0
C,by_date,2026-08-19,4552,1.0,1.0,1.0
C,by_date,2026-08-20,4411,1.0,1.0,1.0
C,by_seat,0,6803,1.0,1.0,1.0
C,by_seat,1,6778,1.0,1.0,1.0
C,by_branch,baseline_v5/baseline_v5,1870,1.0,1.0,1.0
C,by_branch,baseline_v5/baseline_v8,1057,1.0,1.0,1.0
C,by_branch,baseline_v8/baseline_v5,1083,1.0,1.0,1.0
C,by_branch,baseline_v8/baseline_v8,9571,1.0,1.0,1.0
