version,day,last_recorded_step,cash_end,land_end
R0,0,24,210.0,1
R0,1,48,114.0,1
R0,2,72,78.0,1
R0,3,96,108.0,1
R0,4,120,133.0,1
R0,5,144,125.0,1
R0,6,168,41.0,1
R0,7,192,269.0,1
R0,8,216,1080.0,1
R0,9,240,918.0,2
R0,10,264,2343.0,2
R0,11,288,9130.0,3
R0,12,312,7841.0,3
R0,13,336,8414.0,3
R0,14,360,13631.0,3
R0,15,384,16008.0,3
R0,16,408,19745.0,3
R0,17,432,25989.0,3
R0,18,456,29354.0,3
R0,19,480,38103.0,3
R0,20,504,46211.0,3
R0,21,528,60976.0,3
R0,22,552,72478.0,3
R0,23,576,77997.0,3
R0,24,600,93218.0,3
R0,25,624,97905.0,3
R0,26,648,110820.0,3
R0,27,672,117131.0,3
R0,28,696,127110.0,3
R0,29,719,141117.0,3
R6,0,24,160.0,1
R6,1,48,64.0,1
R6,2,72,48.0,1
R6,3,96,140.0,1
R6,4,120,103.0,1
R6,5,144,159.0,1
R6,6,168,21.0,1
R6,7,192,331.0,1
R6,8,216,243.0,1
R6,9,240,255.0,2
R6,10,264,123.0,2
R6,11,288,10036.0,3
R6,12,312,9517.0,3
R6,13,336,11102.0,3
R6,14,360,15934.0,3
R6,15,384,16913.0,3
R6,16,408,21413.0,3
R6,17,432,23834.0,3
R6,18,456,27577.0,3
R6,19,480,34100.0,3
R6,20,504,40743.0,3
R6,21,528,51993.0,3
R6,22,552,64621.0,3
R6,23,576,69389.0,3
R6,24,600,82613.0,3
R6,25,624,88956.0,3
R6,26,648,102464.0,3
R6,27,672,107399.0,3
R6,28,696,114645.0,3
R6,29,719,127093.0,3
R7,0,24,857.0,1
R7,1,48,857.0,1
R7,2,72,845.0,1
R7,3,96,845.0,1
R7,4,120,833.0,1
R7,5,144,833.0,1
R7,6,168,821.0,1
R7,7,192,809.0,1
R7,8,216,797.0,1
R7,9,240,785.0,1
R7,10,264,5299.0,1
R7,11,288,18416.0,3
R7,12,312,17835.0,3
R7,13,336,17732.0,3
R7,14,360,17648.0,3
R7,15,384,17566.0,3
R7,16,408,19249.0,3
R7,17,432,18873.0,3
R7,18,456,18840.0,3
R7,19,480,21174.0,3
R7,20,504,23563.0,3
R7,21,528,27634.0,3
R7,22,552,37461.0,3
R7,23,576,38597.0,3
R7,24,600,48593.0,3
R7,25,624,49345.0,3
R7,26,648,59683.0,3
R7,27,672,60932.0,3
R7,28,696,72449.0,3
R7,29,719,80473.0,3
