feature,importance_mean,importance_std
Subsidy_Available,51.708131017893564,0.8337455113776233
key_Environmental_Concern_Level,13.890709709958738,0.669562286332287
Annual_Income_USD,7.427052272326589,0.1432898312553385
key_Annual_Income_USD,6.78359494517438,0.2550965999121346
Range_Anxiety_Level,3.829570375377932,0.14113279081876218
Environmental_Concern_Level,3.6693229957439484,0.26246479450350607
key_Charging_Stations_Near_Home,1.9763168701733087,0.30934218869220564
key_Charging_Stations_Near_Work,1.802248800666846,0.25472982065998884
Daily_Commute_km,1.7399017764897362,0.09981820655717982
key_Daily_Commute_km,1.5835322849776063,0.07592410887812415
key_Age,1.4988475030605075,0.1275017664119604
Home_Charging_Possible,0.8388202268811181,0.11145700032277105
Age,0.7929320204270842,0.1532454691207927
Charging_Stations_Near_Work,0.6408015244726232,0.05086880511937673
Charging_Stations_Near_Home,0.49372478714577606,0.10446913095345733
Current_Car_Type,0.436380142034391,0.04628621571681115
key_Number_of_Cars_Owned,0.26292457587888246,0.03882710133328172
City_Type,0.25004416098244336,0.03258767977991545
Number_of_Cars_Owned,0.21433521056032062,0.07287508809659671
Gender,0.16080879977420323,0.038290939546892604
